{"cameraMode":{"drawMode":0,"name":"Shaded","section":"Shading Mode"},"sceneLighting":true,"audioPlay":false,"sceneViewState":{"showFog":true,"showMaterialUpdate":true,"showSkybox":false,"showFlares":true,"showImageEffects":true,"showParticleSystems":true},"in2DMode":false,"pivot":{"x":3.301950454711914,"y":-6.1118292808532719,"z":-0.9693164825439453},"rotation":{"x":0.13947172462940217,"y":0.27861639857292178,"z":-0.040929608047008517,"w":0.9493395090103149},"size":20.713987350463868,"orthographic":false}