{"cameraMode":{"drawMode":0,"name":"Shaded","section":"Shading Mode"},"sceneLighting":false,"audioPlay":false,"sceneViewState":{"showFog":true,"showMaterialUpdate":true,"showSkybox":false,"showFlares":true,"showImageEffects":true,"showParticleSystems":true},"in2DMode":false,"pivot":{"x":-0.9814716577529907,"y":1.3730000257492066,"z":-2.3042142391204836},"rotation":{"x":-0.009975549764931202,"y":0.9529203772544861,"z":-0.30141007900238039,"w":-0.031546253710985187},"size":22.0,"orthographic":false}