{"cameraMode":{"drawMode":0,"name":"Shaded","section":"Shading Mode"},"sceneLighting":false,"audioPlay":false,"sceneViewState":{"showFog":true,"showMaterialUpdate":true,"showSkybox":false,"showFlares":true,"showImageEffects":true,"showParticleSystems":true},"in2DMode":false,"pivot":{"x":-3.802999973297119,"y":1.434000015258789,"z":5.771999835968018},"rotation":{"x":-0.014955244958400727,"y":-0.9839031100273132,"z":0.14754022657871247,"w":-0.0997149869799614},"size":22.0,"orthographic":false}